max_left_position,max_left_value,max_right_position,max_right_value,min_position,min_value,ratio_of_peaks,euclidean_distance,a,g,pEndemic
0,0.9306,9,0.2585,8,0.2035,3.6,3.5419,0.36,5.0,0.1
1,0.3604,9,0.1928,7,0.1839,1.8693,4.7899,0.77,5.0,0.8
5,0.9733,0,0.0,9,0.6706,0.0,0.0,0.1,10.0,0.4
4,0.7457,0,0.0,9,0.1777,0.0,0.0,0.6,10.0,0.5
0,0.9098,6,0.9996,0,0.9098,0.9102,8.617,0.28,20.0,0.3
1,0.9573,9,0.8687,6,0.6619,1.102,2.8742,0.1,5.0,0.4
4,0.98,0,0.0,9,0.4986,0.0,0.0,0.28,10.0,0.1
4,0.877,9,0.7798,8,0.7379,1.1246,1.954,0.17,10.0,0.8
6,0.831,0,0.0,9,0.3881,0.0,0.0,0.6,20.0,0.7
7,0.745,0,0.0,9,0.5731,0.0,0.0,0.36,20.0,0.9
7,0.786,0,0.0,9,0.4547,0.0,0.0,0.46,20.0,0.8
1,0.5061,9,0.3571,7,0.3271,1.4173,4.3982,0.6,5.0,0.8
6,0.9907,0,0.0,9,0.8289,0.0,0.0,0.1,20.0,0.6
0,0.87,9,0.8631,3,0.6208,1.008,4.815,0.13,0.0,0.4
2,0.9123,9,0.7858,6,0.6035,1.161,3.1518,0.17,5.0,0.5
0,0.78,9,0.604,5,0.2896,1.2914,7.0541,0.22,0.0,0.1
7,0.9022,0,0.0,9,0.671,0.0,0.0,0.22,20.0,0.8
0,0.64,9,0.1051,8,0.0953,6.0894,7.4853,0.36,0.0,0.0
6,0.9863,0,0.0,9,0.7621,0.0,0.0,0.1,15.0,0.5
0,0.23,9,0.2171,5,0.2122,1.0594,6.6682,0.77,0.0,0.9
5,0.9321,0,0.0,9,0.4287,0.0,0.0,0.6,15.0,0.4
0,0.9,9,0.8973,2,0.7093,1.003,4.0021,0.1,0.0,0.5
6,0.8651,0,0.0,9,0.7833,0.0,0.0,0.17,15.0,0.9
5,1.0,0,0.0,9,0.9667,0.0,0.0,0.28,15.0,0.0
0,0.4,9,0.3885,3,0.3719,1.0296,6.7089,0.6,0.0,0.9
2,0.9335,9,0.8411,6,0.6648,1.1099,3.0869,0.13,5.0,0.5
0,0.83,9,0.8188,3,0.567,1.0137,5.1968,0.17,0.0,0.4
0,0.9825,0,0.0,9,0.2404,0.0,0.0,0.22,5.0,0.0
2,0.9212,9,0.896,6,0.8278,1.0281,2.8632,0.1,5.0,0.8
6,0.9835,0,0.0,9,0.7708,0.0,0.0,0.17,20.0,0.6
5,0.9381,0,0.0,9,0.4187,0.0,0.0,0.77,15.0,0.3
0,0.5902,9,0.107,8,0.1,5.5159,4.689,0.77,5.0,0.4
4,0.9289,9,0.8628,8,0.8268,1.0766,2.031,0.1,10.0,0.8
5,0.7674,0,0.0,9,0.3294,0.0,0.0,0.46,10.0,0.6
4,0.7809,9,0.4975,8,0.4797,1.5696,1.766,0.36,10.0,0.7
4,0.4805,9,0.3579,8,0.3501,1.3426,2.2222,0.6,10.0,0.9
6,0.9865,0,0.0,9,0.7348,0.0,0.0,0.36,20.0,0.5
1,0.7052,9,0.2314,7,0.1926,3.0475,4.2587,0.6,5.0,0.4
6,0.9941,0,0.0,9,0.8053,0.0,0.0,0.46,20.0,0.4
5,0.9526,0,0.0,9,0.5547,0.0,0.0,0.17,10.0,0.4
0,0.72,9,0.7041,3,0.5566,1.0226,5.6274,0.28,0.0,0.6
0,0.8989,9,0.1729,8,0.1511,5.199,3.7766,0.46,5.0,0.1
0,0.87,9,0.8684,2,0.7992,1.0018,3.7172,0.13,0.0,0.8
6,0.9973,0,0.0,9,0.8535,0.0,0.0,0.13,15.0,0.3
5,0.8955,0,0.0,9,0.6005,0.0,0.0,0.22,10.0,0.6
6,0.9983,0,0.0,9,0.8853,0.0,0.0,0.22,20.0,0.4
2,0.8486,9,0.8264,6,0.7886,1.0269,3.2223,0.17,5.0,0.9
0,0.9,9,0.8991,2,0.8665,1.001,2.9335,0.1,0.0,0.9
4,0.8264,0,0.0,9,0.0726,0.0,0.0,0.77,10.0,0.2
6,0.7938,0,0.0,9,0.3652,0.0,0.0,0.46,15.0,0.7
6,0.9207,0,0.0,9,0.8648,0.0,0.0,0.1,15.0,0.9
0,0.23,9,0.1551,6,0.137,1.4829,7.2226,0.77,0.0,0.5
6,0.6211,0,0.0,9,0.2828,0.0,0.0,0.6,15.0,0.8
6,0.8973,0,0.0,9,0.4572,0.0,0.0,0.36,15.0,0.6
0,0.4,9,0.3184,5,0.2538,1.2563,7.1043,0.6,0.0,0.5
0,0.9536,5,1.0,0,0.9536,0.9536,0.5149,0.77,20.0,0.0
1,0.8024,9,0.6873,6,0.5764,1.1675,3.4906,0.28,5.0,0.7
6,0.976,0,0.0,9,0.6734,0.0,0.0,0.17,15.0,0.5
0,0.54,9,0.0672,8,0.0668,8.0357,7.5187,0.46,0.0,0.0
2,0.8836,9,0.8673,5,0.8314,1.0188,2.8912,0.13,5.0,0.9
5,0.9855,0,0.0,9,0.6177,0.0,0.0,0.13,10.0,0.2
6,0.9065,0,0.0,9,0.6043,0.0,0.0,0.22,15.0,0.7
0,0.83,9,0.8276,2,0.7561,1.0029,4.1141,0.17,0.0,0.8
5,1.0,0,0.0,9,0.9955,0.0,0.0,0.13,20.0,0.0
0,0.83,9,0.8282,2,0.7937,1.0022,3.5779,0.17,0.0,0.9
0,0.985,5,1.0,0,0.985,0.985,8.8706,0.13,20.0,0.1
6,0.9407,0,0.0,9,0.5877,0.0,0.0,0.22,15.0,0.6
2,0.8966,9,0.8647,6,0.7939,1.0369,3.0208,0.13,5.0,0.8
5,0.9763,0,0.0,9,0.5931,0.0,0.0,0.13,10.0,0.3
0,0.8775,5,0.9998,0,0.8775,0.8777,0.5316,0.77,20.0,0.1
2,0.8265,9,0.672,6,0.5271,1.2299,3.5473,0.28,5.0,0.6
6,0.9894,0,0.0,9,0.7463,0.0,0.0,0.17,15.0,0.4
0,0.54,9,0.2439,6,0.1512,2.214,7.3534,0.46,0.0,0.1
0,0.4,9,0.2894,5,0.2198,1.3822,7.3107,0.6,0.0,0.4
6,0.866,0,0.0,9,0.3702,0.0,0.0,0.46,15.0,0.6
6,0.9402,0,0.0,9,0.8143,0.0,0.0,0.1,15.0,0.8
0,0.23,9,0.1333,5,0.1172,1.7254,7.5874,0.77,0.0,0.4
6,0.5149,0,0.0,9,0.3375,0.0,0.0,0.6,15.0,0.9
6,0.8467,0,0.0,9,0.4566,0.0,0.0,0.36,15.0,0.7
0,0.9,9,0.8989,2,0.8336,1.0012,3.3029,0.1,0.0,0.8
4,0.776,0,0.0,9,0.0686,0.0,0.0,0.77,10.0,0.3
2,0.8641,9,0.8222,6,0.746,1.051,3.204,0.17,5.0,0.8
6,0.9929,0,0.0,9,0.8053,0.0,0.0,0.22,20.0,0.5
4,0.8689,9,0.6651,8,0.6385,1.3064,1.7141,0.22,10.0,0.7
0,0.87,9,0.869,2,0.8331,1.0012,3.4154,0.13,0.0,0.9
6,0.9994,0,0.0,9,0.9172,0.0,0.0,0.13,15.0,0.2
5,0.9357,0,0.0,9,0.5982,0.0,0.0,0.17,10.0,0.5
0,0.72,9,0.71,3,0.6018,1.0141,5.3559,0.28,0.0,0.7
0,0.9417,0,0.0,9,0.0852,0.0,0.0,0.46,5.0,0.0
6,0.9966,0,0.0,9,0.846,0.0,0.0,0.36,20.0,0.4
0,0.6541,9,0.2692,7,0.2209,2.4298,4.21,0.6,5.0,0.5
6,0.9805,0,0.0,9,0.6839,0.0,0.0,0.46,20.0,0.5
1,0.5318,9,0.1291,7,0.1189,4.1193,4.6972,0.77,5.0,0.5
4,0.9147,9,0.8874,8,0.8684,1.0308,2.3391,0.1,10.0,0.9
4,0.7147,0,0.0,9,0.3892,0.0,0.0,0.46,10.0,0.7
4,0.822,0,0.0,9,0.4259,0.0,0.0,0.36,10.0,0.6
4,0.552,9,0.3081,8,0.3071,1.7916,2.0547,0.6,10.0,0.8
2,0.9106,9,0.8986,5,0.8656,1.0134,2.8206,0.1,5.0,0.9
7,0.9603,0,0.0,9,0.7241,0.0,0.0,0.17,20.0,0.7
5,0.9681,0,0.0,9,0.5654,0.0,0.0,0.77,15.0,0.2
0,0.9605,9,0.4329,8,0.3248,2.2188,3.2343,0.22,5.0,0.1
0,0.83,9,0.8229,2,0.6211,1.0086,4.8836,0.17,0.0,0.5
2,0.9451,9,0.822,6,0.6189,1.1498,3.0786,0.13,5.0,0.4
0,0.4,9,0.3752,3,0.3441,1.0661,6.6254,0.6,0.0,0.8
6,0.899,0,0.0,9,0.7208,0.0,0.0,0.17,15.0,0.8
5,0.9996,0,0.0,9,0.9192,0.0,0.0,0.28,15.0,0.1
0,0.9,9,0.8966,2,0.6539,1.0038,4.2095,0.1,0.0,0.4
0,0.64,9,0.3658,5,0.2054,1.7496,7.3994,0.36,0.0,0.1
6,0.9941,0,0.0,9,0.8102,0.0,0.0,0.1,15.0,0.4
0,0.23,9,0.2044,5,0.1941,1.1252,7.241,0.77,0.0,0.8
5,0.8803,0,0.0,9,0.3278,0.0,0.0,0.6,15.0,0.5
0,0.78,9,0.2089,8,0.1582,3.7338,7.4357,0.22,0.0,0.0
7,0.8442,0,0.0,9,0.7176,0.0,0.0,0.22,20.0,0.9
0,0.9258,9,0.7633,6,0.5659,1.2129,3.2868,0.17,5.0,0.4
0,0.87,9,0.8658,2,0.6688,1.0049,4.4536,0.13,0.0,0.5
6,0.9194,0,0.0,9,0.4815,0.0,0.0,0.6,20.0,0.6
7,0.8384,0,0.0,9,0.5376,0.0,0.0,0.36,20.0,0.8
7,0.6721,0,0.0,9,0.4807,0.0,0.0,0.46,20.0,0.9
1,0.4538,9,0.3781,6,0.3627,1.2002,4.2875,0.6,5.0,0.9
7,0.9764,0,0.0,9,0.803,0.0,0.0,0.1,20.0,0.7
3,0.9905,0,0.0,9,0.6083,0.0,0.0,0.28,10.0,0.0
4,0.8549,9,0.81,8,0.7845,1.0554,2.2287,0.17,10.0,0.9
0,0.9405,5,1.0,0,0.9405,0.9405,8.8547,0.28,20.0,0.2
2,0.949,9,0.8796,6,0.7052,1.0789,2.892,0.1,5.0,0.5
0,0.9617,0,0.0,9,0.13,0.0,0.0,0.36,5.0,0.0
1,0.2929,9,0.2126,7,0.2062,1.3777,4.687,0.77,5.0,0.9
5,0.9637,0,0.0,9,0.7138,0.0,0.0,0.1,10.0,0.5
4,0.8036,0,0.0,9,0.151,0.0,0.0,0.6,10.0,0.4
5,1.0,0,0.0,9,0.9949,0.0,0.0,0.17,20.0,0.0
7,0.7995,0,0.0,9,0.6548,0.0,0.0,0.28,20.0,0.9
6,0.8126,0,0.0,9,0.2153,0.0,0.0,0.77,15.0,0.5
0,0.711,9,0.0622,8,0.0591,11.4309,4.5944,0.77,5.0,0.2
2,0.976,0,0.0,9,0.4182,0.0,0.0,0.46,10.0,0.0
4,0.9704,0,0.0,9,0.4142,0.0,0.0,0.36,10.0,0.1
0,0.8863,6,0.9994,0,0.8863,0.8868,8.6549,0.36,20.0,0.3
0,0.8032,9,0.1403,8,0.1264,5.7249,4.1433,0.6,5.0,0.2
0,0.8955,6,0.9998,0,0.8955,0.8957,8.9474,0.46,20.0,0.2
1,0.668,9,0.4793,6,0.4056,1.3937,3.9888,0.46,5.0,0.7
5,0.9799,0,0.0,9,0.5544,0.0,0.0,0.17,10.0,0.2
0,0.72,9,0.1543,8,0.1278,4.6662,7.4358,0.28,0.0,0.0
6,0.9816,0,0.0,9,0.7216,0.0,0.0,0.13,15.0,0.5
3,0.9939,0,0.0,9,0.6821,0.0,0.0,0.22,10.0,0.0
0,0.9511,5,1.0,0,0.9511,0.9511,8.7784,0.22,20.0,0.2
4,0.7253,0,0.0,9,0.0732,0.0,0.0,0.77,10.0,0.4
5,0.9984,0,0.0,9,0.8684,0.0,0.0,0.46,15.0,0.1
0,0.23,9,0.111,5,0.0947,2.0721,7.408,0.77,0.0,0.3
5,0.9998,0,0.0,9,0.9511,0.0,0.0,0.36,15.0,0.0
0,0.4,9,0.2497,5,0.1827,1.6019,7.2682,0.6,0.0,0.3
6,0.875,0,0.0,9,0.3819,0.0,0.0,0.77,20.0,0.6
0,0.54,9,0.497,3,0.3981,1.0865,6.6332,0.46,0.0,0.6
0,0.9483,9,0.3518,8,0.266,2.6956,3.3587,0.28,5.0,0.1
6,0.9963,0,0.0,9,0.8306,0.0,0.0,0.17,15.0,0.3
5,0.9649,0,0.0,9,0.6149,0.0,0.0,0.13,10.0,0.4
5,0.9997,0,0.0,9,0.9379,0.0,0.0,0.22,15.0,0.1
6,0.9873,0,0.0,9,0.7988,0.0,0.0,0.13,20.0,0.6
5,0.9891,0,0.0,9,0.6663,0.0,0.0,0.1,10.0,0.2
2,0.7401,9,0.5912,6,0.501,1.2519,3.7516,0.36,5.0,0.7
4,0.8514,0,0.0,9,0.1443,0.0,0.0,0.6,10.0,0.3
6,0.9905,0,0.0,9,0.777,0.0,0.0,0.28,20.0,0.5
1,0.9754,9,0.7945,7,0.5497,1.2277,2.8945,0.1,5.0,0.2
6,0.3695,0,0.0,9,0.1905,0.0,0.0,0.77,15.0,0.9
5,0.8321,9,0.5849,8,0.5724,1.4226,1.7498,0.28,10.0,0.7
0,0.9177,4,1.0,0,0.9177,0.9177,0.5265,0.6,20.0,0.1
4,1.0,0,0.0,9,0.9972,0.0,0.0,0.1,20.0,0.0
0,0.87,9,0.8462,3,0.4777,1.0281,5.7436,0.13,0.0,0.2
6,0.897,0,0.0,9,0.8287,0.0,0.0,0.13,15.0,0.9
0,0.9411,9,0.7181,7,0.5076,1.3105,3.1595,0.17,5.0,0.3
0,0.78,9,0.7754,2,0.6611,1.0059,4.9003,0.22,0.0,0.7
6,0.9979,0,0.0,9,0.8747,0.0,0.0,0.1,15.0,0.3
0,0.64,9,0.612,3,0.4808,1.0458,5.9371,0.36,0.0,0.6
5,0.9867,0,0.0,9,0.684,0.0,0.0,0.6,15.0,0.2
0,0.9,9,0.894,3,0.6029,1.0067,4.8191,0.1,0.0,0.3
4,0.4078,0,0.0,9,0.1655,0.0,0.0,0.77,10.0,0.8
6,0.9214,0,0.0,9,0.5255,0.0,0.0,0.28,15.0,0.6
1,0.9556,9,0.7927,7,0.5641,1.2055,3.0233,0.13,5.0,0.3
4,0.9062,9,0.8295,8,0.79,1.0925,2.0417,0.13,10.0,0.8
0,0.83,9,0.7848,4,0.4297,1.0576,6.184,0.17,0.0,0.2
2,0.8652,9,0.7438,6,0.5903,1.1632,3.2947,0.22,5.0,0.6
2,0.8471,9,0.7571,6,0.6392,1.1189,3.2247,0.22,5.0,0.7
0,0.83,9,0.811,3,0.5017,1.0234,5.6054,0.17,0.0,0.3
1,0.9673,9,0.7328,7,0.5028,1.32,3.0367,0.13,5.0,0.2
4,0.8891,9,0.8562,8,0.8346,1.0384,2.2959,0.13,10.0,0.9
6,0.8794,0,0.0,9,0.5343,0.0,0.0,0.28,15.0,0.7
0,0.9,9,0.8856,3,0.5188,1.0163,5.3287,0.1,0.0,0.2
4,0.3232,0,0.0,9,0.197,0.0,0.0,0.77,10.0,0.9
6,0.9996,0,0.0,9,0.926,0.0,0.0,0.1,15.0,0.2
0,0.64,9,0.6235,2,0.527,1.0265,5.8646,0.36,0.0,0.7
6,0.9659,0,0.0,9,0.5464,0.0,0.0,0.6,15.0,0.3
0,0.78,9,0.7722,2,0.617,1.0101,5.1933,0.22,0.0,0.6
0,0.9562,9,0.6476,7,0.4466,1.4765,3.116,0.17,5.0,0.2
0,0.87,9,0.8593,3,0.5469,1.0125,5.0676,0.13,0.0,0.3
6,0.9219,0,0.0,9,0.7714,0.0,0.0,0.13,15.0,0.8
0,0.974,5,1.0,0,0.974,0.974,8.8235,0.6,20.0,0.0
0,0.9883,5,1.0,0,0.9883,0.9883,8.7986,0.1,20.0,0.1
4,0.8625,0,0.0,9,0.5201,0.0,0.0,0.28,10.0,0.6
6,0.9973,0,0.0,9,0.8695,0.0,0.0,0.28,20.0,0.4
1,0.9668,9,0.8401,7,0.6219,1.1508,2.9455,0.1,5.0,0.3
6,0.4981,0,0.0,9,0.1596,0.0,0.0,0.77,15.0,0.8
5,0.9819,0,0.0,9,0.6503,0.0,0.0,0.1,10.0,0.3
2,0.7745,9,0.5675,6,0.457,1.3648,3.8044,0.36,5.0,0.6
4,0.8925,0,0.0,9,0.1613,0.0,0.0,0.6,10.0,0.2
7,0.9709,0,0.0,9,0.7698,0.0,0.0,0.13,20.0,0.7
5,1.0,0,0.0,9,0.9748,0.0,0.0,0.22,15.0,0.0
5,0.9527,0,0.0,9,0.6721,0.0,0.0,0.13,10.0,0.5
6,0.7611,0,0.0,9,0.2892,0.0,0.0,0.77,20.0,0.7
0,0.54,9,0.514,3,0.432,1.0506,6.1935,0.46,0.0,0.7
0,0.9733,0,0.0,9,0.1825,0.0,0.0,0.28,5.0,0.0
5,0.9988,0,0.0,9,0.8986,0.0,0.0,0.17,15.0,0.2
0,0.4,9,0.1974,6,0.1457,2.0263,7.469,0.6,0.0,0.2
5,0.9996,0,0.0,9,0.9357,0.0,0.0,0.46,15.0,0.0
0,0.23,9,0.0825,7,0.0709,2.7879,7.5285,0.77,0.0,0.2
5,0.999,0,0.0,9,0.8993,0.0,0.0,0.36,15.0,0.1
4,0.6503,0,0.0,9,0.087,0.0,0.0,0.77,10.0,0.5
0,0.9326,6,0.9997,0,0.9326,0.9329,8.5255,0.22,20.0,0.3
4,0.9853,0,0.0,9,0.5644,0.0,0.0,0.22,10.0,0.1
6,0.9917,0,0.0,9,0.7832,0.0,0.0,0.13,15.0,0.4
1,0.7048,9,0.4466,6,0.3653,1.5781,3.9216,0.46,5.0,0.6
5,0.9671,0,0.0,9,0.5295,0.0,0.0,0.17,10.0,0.3
0,0.72,9,0.4894,5,0.2445,1.4712,7.1891,0.28,0.0,0.1
0,0.9209,5,0.9999,0,0.9209,0.921,0.5411,0.36,20.0,0.2
0,0.7524,9,0.1853,8,0.1601,4.0604,4.2156,0.6,5.0,0.3
0,0.8538,6,0.9988,0,0.8538,0.8548,8.6556,0.46,20.0,0.3
0,0.651,9,0.0847,8,0.0792,7.686,4.6558,0.77,5.0,0.3
3,0.9566,0,0.0,9,0.3196,0.0,0.0,0.46,10.0,0.1
3,0.9854,0,0.0,9,0.5205,0.0,0.0,0.36,10.0,0.0
0,0.9806,5,1.0,0,0.9806,0.9806,8.7949,0.17,20.0,0.1
7,0.8739,0,0.0,9,0.6128,0.0,0.0,0.28,20.0,0.8
5,0.8851,0,0.0,9,0.302,0.0,0.0,0.77,15.0,0.4
6,0.999,0,0.0,9,0.917,0.0,0.0,0.13,20.0,0.4
2,0.8245,9,0.7664,6,0.6839,1.0758,3.2152,0.22,5.0,0.8
6,0.9941,0,0.0,9,0.7953,0.0,0.0,0.22,15.0,0.3
5,0.9378,9,0.728,8,0.7181,1.2882,1.4185,0.13,10.0,0.6
1,0.8991,9,0.536,7,0.3775,1.6774,3.4835,0.28,5.0,0.3
6,0.83,0,0.0,9,0.5867,0.0,0.0,0.28,15.0,0.8
5,0.9998,0,0.0,9,0.9509,0.0,0.0,0.17,15.0,0.1
0,0.54,9,0.4504,5,0.3149,1.1989,6.9742,0.46,0.0,0.4
0,0.6624,6,0.978,0,0.6624,0.6773,8.3439,0.77,20.0,0.4
0,0.4,9,0.131,7,0.0954,3.0534,7.4915,0.6,0.0,0.1
5,0.9966,0,0.0,9,0.8139,0.0,0.0,0.36,15.0,0.2
5,0.9809,0,0.0,9,0.6434,0.0,0.0,0.46,15.0,0.3
0,0.23,9,0.0519,8,0.0455,4.4316,7.5979,0.77,0.0,0.1
0,0.64,9,0.6304,3,0.5681,1.0152,5.7946,0.36,0.0,0.8
4,0.5806,0,0.0,9,0.1081,0.0,0.0,0.77,10.0,0.6
4,1.0,0,0.0,9,0.9935,0.0,0.0,0.22,20.0,0.0
0,0.78,9,0.778,2,0.7423,1.0026,4.4107,0.22,0.0,0.9
5,0.973,0,0.0,9,0.4956,0.0,0.0,0.22,10.0,0.2
6,0.9457,0,0.0,9,0.7241,0.0,0.0,0.13,15.0,0.7
4,0.9961,0,0.0,9,0.7401,0.0,0.0,0.17,10.0,0.0
0,0.72,9,0.6126,4,0.3321,1.1753,6.8615,0.28,0.0,0.2
4,0.7602,9,0.6878,8,0.6638,1.1053,2.1828,0.28,10.0,0.9
1,0.7456,9,0.4104,7,0.3214,1.8168,3.9263,0.46,5.0,0.5
0,0.9,0,0.0,9,0.045,0.0,0.0,0.6,5.0,0.0
0,0.9856,5,1.0,0,0.9856,0.9856,8.703,0.46,20.0,0.0
0,0.9539,6,1.0,0,0.9539,0.9539,0.5139,0.36,20.0,0.1
5,0.9226,0,0.0,9,0.3139,0.0,0.0,0.36,10.0,0.3
0,0.8272,0,0.0,9,0.0176,0.0,0.0,0.77,5.0,0.0
5,0.9291,0,0.0,9,0.2591,0.0,0.0,0.46,10.0,0.2
1,0.6766,9,0.6297,6,0.5916,1.0745,3.7071,0.36,5.0,0.9
6,0.6212,0,0.0,9,0.1513,0.0,0.0,0.77,15.0,0.7
0,0.9631,5,1.0,0,0.9631,0.9631,8.6792,0.17,20.0,0.2
2,0.9018,9,0.6787,7,0.4979,1.3287,3.3922,0.22,5.0,0.4
7,0.943,0,0.0,9,0.7736,0.0,0.0,0.13,20.0,0.8
0,0.83,9,0.2644,7,0.1867,3.1392,7.292,0.17,0.0,0.0
0,0.9792,9,0.6183,7,0.4463,1.5837,3.0516,0.13,5.0,0.1
0,0.54,9,0.5236,3,0.4724,1.0313,6.2586,0.46,0.0,0.8
6,0.9794,0,0.0,9,0.6524,0.0,0.0,0.28,15.0,0.4
7,0.6044,0,0.0,9,0.2394,0.0,0.0,0.77,20.0,0.8
0,0.9,9,0.8554,4,0.4159,1.0521,6.1519,0.1,0.0,0.1
4,0.9989,0,0.0,9,0.905,0.0,0.0,0.6,15.0,0.0
0,0.64,9,0.5797,3,0.3908,1.104,6.591,0.36,0.0,0.4
6,1.0,0,0.0,9,0.9681,0.0,0.0,0.1,15.0,0.1
0,0.78,9,0.7652,3,0.5671,1.0193,5.2695,0.22,0.0,0.5
0,0.9714,9,0.533,7,0.3872,1.8225,3.1432,0.17,5.0,0.1
0,0.87,9,0.3394,7,0.2238,2.5633,7.2629,0.13,0.0,0.0
0,0.978,6,1.0,0,0.978,0.978,8.6325,0.1,20.0,0.2
0,0.7965,6,0.9972,0,0.7965,0.7987,8.6826,0.6,20.0,0.3
2,0.5836,9,0.5246,6,0.4925,1.1125,3.928,0.46,5.0,0.9
5,0.8937,0,0.0,9,0.4549,0.0,0.0,0.28,10.0,0.5
7,0.9333,0,0.0,9,0.6238,0.0,0.0,0.28,20.0,0.7
0,0.9939,9,0.4337,8,0.3795,2.2917,2.8643,0.1,5.0,0.0
4,0.9309,0,0.0,9,0.2047,0.0,0.0,0.6,10.0,0.1
1,0.8064,9,0.5307,7,0.4076,1.5195,3.7754,0.36,5.0,0.5
3,0.9983,0,0.0,9,0.8269,0.0,0.0,0.1,10.0,0.0
2,0.9598,0,0.0,9,0.2737,0.0,0.0,0.6,10.0,0.0
1,0.8363,9,0.487,7,0.354,1.7172,3.7001,0.36,5.0,0.4
5,0.9947,0,0.0,9,0.7279,0.0,0.0,0.1,10.0,0.1
6,0.9688,0,0.0,9,0.6856,0.0,0.0,0.28,20.0,0.6
0,0.9848,9,0.7009,7,0.4873,1.4051,2.9209,0.1,5.0,0.1
1,0.6256,9,0.5032,6,0.449,1.2432,3.9615,0.46,5.0,0.8
5,0.9199,0,0.0,9,0.418,0.0,0.0,0.28,10.0,0.4
6,0.9999,0,0.0,9,0.9644,0.0,0.0,0.1,20.0,0.3
0,0.858,5,0.9995,0,0.858,0.8584,8.9979,0.6,20.0,0.2
0,0.87,9,0.7944,4,0.3717,1.0952,6.4496,0.13,0.0,0.1
0,0.9871,9,0.3067,8,0.2911,3.2185,2.9958,0.17,5.0,0.0
0,0.78,9,0.7584,3,0.5137,1.0285,5.7562,0.22,0.0,0.4
5,0.9953,0,0.0,9,0.8078,0.0,0.0,0.6,15.0,0.1
0,0.64,9,0.6001,4,0.4387,1.0665,6.3471,0.36,0.0,0.5
5,1.0,0,0.0,9,0.9868,0.0,0.0,0.1,15.0,0.0
0,0.9,9,0.3976,6,0.2507,2.2636,7.1445,0.1,0.0,0.0
0,0.54,9,0.5324,2,0.5063,1.0143,5.9843,0.46,0.0,0.9
6,0.9568,0,0.0,9,0.5653,0.0,0.0,0.28,15.0,0.5
7,0.4319,0,0.0,9,0.2253,0.0,0.0,0.77,20.0,0.9
0,0.9914,9,0.3671,8,0.3359,2.7006,2.926,0.13,5.0,0.0
7,0.9063,0,0.0,9,0.8153,0.0,0.0,0.13,20.0,0.9
0,0.83,9,0.7112,4,0.3358,1.167,6.8215,0.17,0.0,0.1
1,0.8829,9,0.7205,6,0.5478,1.2254,3.3987,0.22,5.0,0.5
6,0.7207,0,0.0,9,0.1696,0.0,0.0,0.77,15.0,0.6
0,0.9458,5,0.9998,0,0.9458,0.946,8.5253,0.17,20.0,0.3
4,0.9509,0,0.0,9,0.3391,0.0,0.0,0.36,10.0,0.2
0,0.7706,0,0.0,9,0.0404,0.0,0.0,0.77,5.0,0.1
4,0.897,0,0.0,9,0.2392,0.0,0.0,0.46,10.0,0.3
1,0.7098,9,0.6131,6,0.5443,1.1577,3.7541,0.36,5.0,0.8
0,0.854,9,0.0969,8,0.0902,8.8132,4.0702,0.6,5.0,0.1
0,0.9433,5,1.0,0,0.9433,0.9433,0.5219,0.46,20.0,0.1
0,0.9903,5,1.0,0,0.9903,0.9903,8.516,0.36,20.0,0.0
4,0.99,0,0.0,9,0.6277,0.0,0.0,0.17,10.0,0.1
0,0.72,9,0.6586,4,0.399,1.0932,6.5314,0.28,0.0,0.3
4,0.8,9,0.6447,8,0.6087,1.2409,1.9764,0.28,10.0,0.8
1,0.7821,9,0.3625,7,0.2827,2.1575,3.9054,0.46,5.0,0.4
6,0.9659,0,0.0,9,0.7025,0.0,0.0,0.13,15.0,0.6
5,0.9572,0,0.0,9,0.4683,0.0,0.0,0.22,10.0,0.3
0,0.9726,5,1.0,0,0.9726,0.9726,0.5191,0.22,20.0,0.1
0,0.78,9,0.7769,2,0.7024,1.004,4.5216,0.22,0.0,0.8
4,0.4985,0,0.0,9,0.1342,0.0,0.0,0.77,10.0,0.7
6,0.9875,0,0.0,9,0.7064,0.0,0.0,0.36,15.0,0.3
5,0.9933,0,0.0,9,0.7666,0.0,0.0,0.46,15.0,0.2
0,0.23,0,0.0,9,0.0142,0.0,0.0,0.77,0.0,0.0
0,0.64,9,0.6349,3,0.604,1.008,5.5496,0.36,0.0,0.9
0,0.4,0,0.0,9,0.0343,0.0,0.0,0.6,0.0,0.0
0,0.9237,9,0.4588,7,0.3344,2.0133,3.4706,0.28,5.0,0.2
6,0.7773,0,0.0,9,0.6567,0.0,0.0,0.28,15.0,0.9
5,1.0,0,0.0,9,0.9789,0.0,0.0,0.17,15.0,0.0
0,0.54,9,0.4783,4,0.3569,1.129,6.707,0.46,0.0,0.5
6,0.9424,0,0.0,9,0.5234,0.0,0.0,0.77,20.0,0.5
4,0.9221,9,0.7841,8,0.7448,1.176,1.6577,0.13,10.0,0.7
5,0.9986,0,0.0,9,0.8817,0.0,0.0,0.22,15.0,0.2
2,0.8021,9,0.7755,6,0.7345,1.0343,3.1963,0.22,5.0,0.9
6,0.9964,0,0.0,9,0.8649,0.0,0.0,0.13,20.0,0.5
1,0.9416,9,0.556,7,0.3842,1.6935,3.2608,0.22,5.0,0.2
0,0.83,9,0.8254,2,0.6656,1.0056,4.3947,0.17,0.0,0.6
2,0.9097,9,0.8607,6,0.7432,1.0569,2.8352,0.13,5.0,0.7
6,0.8268,0,0.0,9,0.7283,0.0,0.0,0.22,15.0,0.9
2,0.7481,9,0.7116,6,0.674,1.0513,3.5824,0.28,5.0,0.9
5,0.9975,0,0.0,9,0.8529,0.0,0.0,0.28,15.0,0.2
0,0.9,9,0.8984,2,0.791,1.0018,3.3333,0.1,0.0,0.7
6,0.7787,0,0.0,9,0.5038,0.0,0.0,0.36,15.0,0.8
6,0.8109,0,0.0,9,0.272,0.0,0.0,0.6,15.0,0.6
6,0.9582,0,0.0,9,0.7679,0.0,0.0,0.1,15.0,0.7
6,0.6276,0,0.0,9,0.4692,0.0,0.0,0.46,15.0,0.9
0,0.64,9,0.4834,5,0.2756,1.324,7.1868,0.36,0.0,0.2
0,0.78,9,0.7426,3,0.4474,1.0504,6.0429,0.22,0.0,0.3
2,0.8817,9,0.8146,6,0.6969,1.0824,3.0408,0.17,5.0,0.7
0,0.87,9,0.8667,2,0.7134,1.0038,4.0203,0.13,0.0,0.6
5,0.8405,9,0.718,8,0.6781,1.1706,1.9393,0.22,10.0,0.8
6,0.9994,0,0.0,9,0.9294,0.0,0.0,0.1,20.0,0.4
6,0.9672,0,0.0,9,0.615,0.0,0.0,0.6,20.0,0.5
0,0.72,9,0.714,2,0.6458,1.0084,5.3098,0.28,0.0,0.8
4,0.9438,0,0.0,9,0.3963,0.0,0.0,0.28,10.0,0.3
0,0.966,5,1.0,0,0.966,0.966,0.517,0.28,20.0,0.1
7,0.9245,0,0.0,9,0.7265,0.0,0.0,0.17,20.0,0.8
2,0.94,9,0.8884,6,0.7412,1.0581,2.7665,0.1,5.0,0.6
4,0.6245,0,0.0,9,0.2654,0.0,0.0,0.6,10.0,0.7
4,0.6902,9,0.6028,8,0.5807,1.145,2.2083,0.36,10.0,0.9
4,0.6638,9,0.4496,8,0.4287,1.4764,2.0172,0.46,10.0,0.8
5,0.9526,9,0.7779,8,0.7689,1.2246,1.4212,0.1,10.0,0.6
1,0.8651,9,0.4274,7,0.3165,2.0241,3.7171,0.36,5.0,0.3
0,0.9717,5,1.0,0,0.9717,0.9717,8.6675,0.13,20.0,0.2
6,0.9681,0,0.0,9,0.6291,0.0,0.0,0.22,15.0,0.5
3,0.9973,0,0.0,9,0.7859,0.0,0.0,0.13,10.0,0.0
0,0.54,9,0.3432,5,0.2124,1.5734,7.3222,0.46,0.0,0.2
1,0.8503,9,0.6388,6,0.4863,1.3311,3.5978,0.28,5.0,0.5
6,0.9269,0,0.0,9,0.6673,0.0,0.0,0.17,15.0,0.7
0,0.8067,5,0.9983,0,0.8067,0.8081,8.9691,0.77,20.0,0.2
0,0.4,9,0.3609,4,0.3159,1.1083,7.1459,0.6,0.0,0.7
6,0.9699,0,0.0,9,0.5875,0.0,0.0,0.36,15.0,0.4
6,0.9213,0,0.0,9,0.4262,0.0,0.0,0.46,15.0,0.5
0,0.23,9,0.1902,6,0.1766,1.2093,7.123,0.77,0.0,0.7
3,0.9187,0,0.0,9,0.1303,0.0,0.0,0.77,10.0,0.0
7,0.9771,0,0.0,9,0.7326,0.0,0.0,0.22,20.0,0.6
5,0.939,0,0.0,9,0.4873,0.0,0.0,0.22,10.0,0.4
5,0.9999,0,0.0,9,0.9595,0.0,0.0,0.13,15.0,0.1
1,0.8227,9,0.3153,7,0.2428,2.6093,3.9193,0.46,5.0,0.3
5,0.9179,0,0.0,9,0.6687,0.0,0.0,0.17,10.0,0.6
0,0.72,9,0.6822,3,0.4558,1.0554,6.1948,0.28,0.0,0.4
7,0.957,0,0.0,9,0.8142,0.0,0.0,0.1,20.0,0.8
1,0.6065,9,0.2998,7,0.2591,2.023,4.2499,0.6,5.0,0.6
6,0.9453,0,0.0,9,0.5666,0.0,0.0,0.46,20.0,0.6
6,0.9075,0,0.0,9,0.5542,0.0,0.0,0.36,20.0,0.7
7,0.5657,0,0.0,9,0.3556,0.0,0.0,0.6,20.0,0.9
4,0.8607,0,0.0,9,0.3716,0.0,0.0,0.36,10.0,0.5
1,0.4765,9,0.1517,7,0.1401,3.1411,4.6514,0.77,5.0,0.6
5,0.859,0,0.0,9,0.2421,0.0,0.0,0.46,10.0,0.4
5,0.9865,0,0.0,9,0.7052,0.0,0.0,0.77,15.0,0.1
6,0.9987,0,0.0,9,0.9003,0.0,0.0,0.17,20.0,0.4
4,0.995,0,0.0,9,0.826,0.0,0.0,0.77,15.0,0.0
6,0.9946,0,0.0,9,0.8381,0.0,0.0,0.17,20.0,0.5
5,0.8934,0,0.0,9,0.3292,0.0,0.0,0.36,10.0,0.4
0,0.4091,9,0.1713,7,0.1611,2.3882,4.4464,0.77,5.0,0.7
4,0.815,0,0.0,9,0.2813,0.0,0.0,0.46,10.0,0.5
7,0.9275,0,0.0,9,0.8526,0.0,0.0,0.1,20.0,0.9
1,0.5563,9,0.3273,6,0.2922,1.6997,4.3714,0.6,5.0,0.7
7,0.8806,0,0.0,9,0.4828,0.0,0.0,0.46,20.0,0.7
6,0.9593,0,0.0,9,0.6289,0.0,0.0,0.36,20.0,0.6
7,0.7081,0,0.0,9,0.3519,0.0,0.0,0.6,20.0,0.8
0,0.8637,9,0.2463,8,0.1972,3.5067,3.8758,0.46,5.0,0.2
5,0.898,9,0.7284,8,0.6943,1.2328,1.671,0.17,10.0,0.7
0,0.72,9,0.6971,3,0.5069,1.0329,5.7601,0.28,0.0,0.5
5,1.0,0,0.0,9,0.9842,0.0,0.0,0.13,15.0,0.0
5,0.9183,0,0.0,9,0.5368,0.0,0.0,0.22,10.0,0.5
7,0.9474,0,0.0,9,0.6705,0.0,0.0,0.22,20.0,0.7
3,0.8785,0,0.0,9,0.0932,0.0,0.0,0.77,10.0,0.1
6,0.9416,0,0.0,9,0.5004,0.0,0.0,0.36,15.0,0.5
6,0.9568,0,0.0,9,0.5216,0.0,0.0,0.46,15.0,0.4
0,0.23,9,0.1736,5,0.1559,1.3249,7.2595,0.77,0.0,0.6
0,0.4,9,0.3449,4,0.284,1.1598,6.9929,0.6,0.0,0.6
0,0.54,9,0.4082,5,0.268,1.3229,7.1516,0.46,0.0,0.3
1,0.8763,9,0.6001,7,0.4375,1.4603,3.5801,0.28,5.0,0.4
6,0.9548,0,0.0,9,0.6577,0.0,0.0,0.17,15.0,0.6
0,0.7416,5,0.9927,0,0.7416,0.7471,8.5626,0.77,20.0,0.3
5,0.9927,0,0.0,9,0.6849,0.0,0.0,0.13,10.0,0.1
6,0.985,0,0.0,9,0.7004,0.0,0.0,0.22,15.0,0.4
6,0.9999,0,0.0,9,0.957,0.0,0.0,0.13,20.0,0.3
4,0.6862,0,0.0,9,0.2157,0.0,0.0,0.6,10.0,0.6
4,0.7389,9,0.5614,8,0.5292,1.3162,1.9868,0.36,10.0,0.8
4,0.6061,9,0.4989,8,0.4834,1.2149,2.1801,0.46,10.0,0.9
4,0.9406,9,0.8274,8,0.7959,1.1368,1.7178,0.1,10.0,0.7
0,0.8946,9,0.3533,7,0.2711,2.5321,3.6844,0.36,5.0,0.2
0,0.9928,5,1.0,0,0.9928,0.9928,8.5217,0.28,20.0,0.0
7,0.8785,0,0.0,9,0.7711,0.0,0.0,0.17,20.0,0.9
2,0.9307,9,0.8945,6,0.7821,1.0405,2.7083,0.1,5.0,0.7
0,0.72,9,0.7171,2,0.6812,1.004,4.8685,0.28,0.0,0.9
4,0.9626,0,0.0,9,0.4266,0.0,0.0,0.28,10.0,0.2
6,0.997,0,0.0,9,0.8823,0.0,0.0,0.1,20.0,0.5
0,0.743,6,0.9887,0,0.743,0.7515,8.3968,0.6,20.0,0.4
4,0.8127,9,0.7569,8,0.7282,1.0737,2.2388,0.22,10.0,0.9
0,0.87,9,0.8681,2,0.762,1.0022,3.956,0.13,0.0,0.7
2,0.8968,9,0.8058,6,0.6522,1.1129,3.1726,0.17,5.0,0.6
0,0.78,9,0.7088,4,0.3828,1.1005,6.5737,0.22,0.0,0.2
6,0.7153,0,0.0,9,0.5706,0.0,0.0,0.36,15.0,0.9
6,0.7221,0,0.0,9,0.262,0.0,0.0,0.6,15.0,0.7
6,0.9741,0,0.0,9,0.7479,0.0,0.0,0.1,15.0,0.6
6,0.7173,0,0.0,9,0.4047,0.0,0.0,0.46,15.0,0.8
0,0.64,9,0.5453,4,0.3313,1.1737,6.8293,0.36,0.0,0.3
0,0.9,9,0.8978,2,0.7517,1.0025,3.7063,0.1,0.0,0.6
2,0.776,9,0.7025,6,0.6219,1.1046,3.444,0.28,5.0,0.8
6,0.9921,0,0.0,9,0.7558,0.0,0.0,0.28,15.0,0.3
6,0.8687,0,0.0,9,0.6609,0.0,0.0,0.22,15.0,0.8
1,0.9215,9,0.8538,6,0.6961,1.0793,2.8782,0.13,5.0,0.6
0,0.83,9,0.8269,2,0.7144,1.0037,4.2083,0.17,0.0,0.7
1,0.9211,9,0.6361,7,0.4493,1.448,3.357,0.22,5.0,0.3
